Estado,Município,Instituição de Ensino Superior,Curso,Edição,Tipo Vaga,NOTA_CORTE_AMPLA,NOTA_CORTE_PCD,NOTA_CORTE_PPIQ
AC,CRUZEIRO DO SUL,AFYA CRUZEIRO DO SUL - AFYA FACULDADE DE CIÊNCIAS MÉDICAS DE CRUZEIRO DO SUL,1487391 - MEDICINA,1-2025,Fies,765.84,661.48,738.16
AC,RIO BRANCO,CENTRO UNIVERSITÁRIO UNINORTE,1193275 - MEDICINA,1-2025,Fies,753.54,702.70,716.88
AL,MACEIÓ,CESMAC - CENTRO UNIVERSITÁRIO CESMAC,1186325 - MEDICINA,1-2025,Fies,786.10,765.30,759.94
AL,MACEIÓ,UNIMA - CENTRO UNIVERSITÁRIO DE MACEIÓ,1200578 - MEDICINA,1-2025,Fies,786.10,765.30,759.94
AM,ITACOATIARA,AFYA ITACOATIARA - AFYA FACULDADE DE CIÊNCIAS MÉDICAS DE ITACOATIARA,1487767 - MEDICINA,1-2025,Fies,769.62,717.06,730.92
AM,MANACAPURU,AFYA MANACAPURU - AFYA FACULDADE DE CIÊNCIAS MÉDICAS DE MANACAPURU,1487766 - MEDICINA,1-2025,Fies,769.62,717.06,730.92
AM,MANAUS,FACULDADE SANTA TERESA,1595429 - MEDICINA,1-2025,Fies,765.56,743.26,722.50
AM,MANAUS,FAMETRO - CENTRO UNIVERSITÁRIO CEUNI - FAMETRO,1385538 - MEDICINA,1-2025,Fies,765.56,743.26,722.50
AM,MANAUS,UNINILTONLINS - UNIVERSIDADE NILTON LINS,49068 - MEDICINA,1-2025,Fies,768.90,743.26,731.28
BA,ALAGOINHAS,FACULDADE ESTÁCIO DE ALAGOINHAS,1399614 - MEDICINA,1-2025,Fies,776.58,687.80,728.82
BA,BARREIRAS,UNINASSAU - CENTRO UNIVERSITÁRIO MAURÍCIO DE NASSAU DE BARREIRAS,5001341 - MEDICINA,1-2025,Fies,772.86,695.10,719.62
BA,BRUMADO,UNIFG - CENTRO UNIVERSITÁRIO FG,1486978 - MEDICINA,1-2025,Fies,773.80,680.40,732.22
BA,CAMAÇARI,UNIFAMEC - CENTRO UNIVERSITÁRIO FAMEC,1637143 - MEDICINA,1-2025,Fies,778.98,707.78,719.66
BA,CONCEIÇÃO DO COITÉ,FARESI - FACULDADE DA REGIÃO SISALEIRA,1596114 - MEDICINA,1-2025,Fies,776.58,687.80,728.82
BA,EUNÁPOLIS,FACULDADE PITÁGORAS DE MEDICINA DE EUNÁPOLIS,1399619 - MEDICINA,1-2025,Fies,792.64,727.68,738.80
BA,EUNÁPOLIS,UNIESULBAHIA - FACULDADES INTEGRADAS DO EXTREMO SUL DA BAHIA,1257548 - MEDICINA,1-2025,Fies,776.04,731.10,725.94
BA,FEIRA DE SANTANA,CENTRO UNIVERSITÁRIO NOBRE DE FEIRA DE SANTANA,1615620 - MEDICINA,1-2025,Fies,775.00,681.76,721.28
BA,FEIRA DE SANTANA,FAESF/UNEF - FACULDADE DE ENSINO SUPERIOR DA CIDADE DE FEIRA DE SANTANA,1603389 - MEDICINA,1-2025,Fies,775.00,681.76,721.28
BA,FEIRA DE SANTANA,UNEX - CENTRO UNIVERSITÁRIO DE EXCELÊNCIA,1551102 - MEDICINA,1-2025,Fies,773.54,682.12,711.24
BA,GUANAMBI,AFYA FACULDADE - AFYA FACULDADE DE CIÊNCIAS MÉDICAS DE GUANAMBI,1408509 - MEDICINA,1-2025,Fies,781.10,701.94,735.74
BA,GUANAMBI,UNIFG - CENTRO UNIVERSITÁRIO FG,5001314 - MEDICINA,1-2025,Fies,785.64,683.96,749.84
BA,IRECÊ,FACULDADE AGES - FACULDADE AGES DE MEDICINA DE IRECÊ,1663759 - MEDICINA,1-2025,Fies,773.54,682.12,711.24
BA,ITABUNA,AFYA ITABUNA - AFYA FACULDADE DE CIÊNCIAS MÉDICAS DE ITABUNA,1399616 - MEDICINA,1-2025,Fies,776.04,731.10,725.94
BA,ITABUNA,UNEX DE ITABUNA - FACULDADE DE EXCELÊNCIA UNEX DE ITABUNA,1584562 - MEDICINA,1-2025,Fies,776.04,731.10,725.94
BA,JACOBINA,FACULDADE AGES - FACULDADE AGES DE MEDICINA,1399615 - MEDICINA,1-2025,Fies,773.54,682.12,711.24
BA,JEQUIÉ,UNEX DE JEQUIÉ - FACULDADE DE EXCELÊNCIA UNEX DE JEQUIÉ,1584561 - MEDICINA,1-2025,Fies,781.10,701.94,735.74
BA,JUAZEIRO,ESTÁCIOJUAZEIRO - FACULDADE ESTÁCIO DE JUAZEIRO,1399618 - MEDICINA,1-2025,Fies,784.90,696.56,760.68
BA,LAURO DE FREITAS,UNIME - CENTRO UNIVERSITÁRIO UNIME,1178524 - MEDICINA,1-2025,Fies,778.98,707.78,719.66
BA,LUÍS EDUARDO MAGALHÃES,FACULDADES SULAMÉRICA BAHIA,1622316 - MEDICINA,1-2025,Fies,772.86,695.10,719.62
BA,PORTO SEGURO,FACULDADE ATENAS PORTO SEGURO,1536154 - MEDICINA,1-2025,Fies,778.32,683.62,723.02
BA,SALVADOR,UNIDOMPEDRO - CENTRO UNIVERSITÁRIO DOM PEDRO II,1199575 - MEDICINA,1-2025,Fies,776.54,707.92,720.38
BA,SALVADOR,UNIFACS - UNIVERSIDADE SALVADOR,5000979 - MEDICINA,1-2025,Fies,778.98,707.78,719.66
BA,SALVADOR,ZARNS SALVADOR - CENTRO UNIVERSITÁRIO ZARNS - SALVADOR,78256 - MEDICINA,1-2025,Fies,778.98,707.78,719.66
BA,SANTO ANTÔNIO DE JESUS,UNIFACEMP - CENTRO UNIVERSITÁRIO DE CIÊNCIAS E EMPREENDEDORISMO,1612165 - MEDICINA,1-2025,Fies,778.98,707.78,719.66
BA,VALENÇA,FACULDADE ATENAS VALENÇA,1484883 - MEDICINA,1-2025,Fies,778.32,683.62,723.02
BA,VITÓRIA DA CONQUISTA,FASA - FACULDADE DE SAÚDE SANTO AGOSTINHO DE VITÓRIA DA CONQUISTA,1179189 - MEDICINA,1-2025,Fies,785.64,683.96,749.86
BA,VITÓRIA DA CONQUISTA,UNEX CONQUISTA - CENTRO UNIVERSITÁRIO DE EXCELÊNCIA DE VITÓRIA DA CONQUISTA,1584559 - MEDICINA,1-2025,Fies,781.10,701.94,735.74
CE,CANINDÉ,ESTÁCIO CANINDÉ - FACULDADE ESTÁCIO DE CANINDÉ,1486822 - MEDICINA,1-2025,Fies,785.76,731.28,761.02
CE,FORTALEZA,FACULDADE UNINTA FORTALEZA,1607444 - MEDICINA,1-2025,Fies,790.54,743.54,745.62
CE,ICÓL,CENTRO UNIVERSITÁRIO VALE DO SALGADO,1596069 - MEDICINA,1-2025,Fies,790.54,724.04,761.02
CE,IGUATU,ESTÁCIO CEARÁ - CENTRO UNIVERSITÁRIO ESTÁCIO DO CEARÁ,1550649 - MEDICINA,1-2025,Fies,783.22,736.12,759.76
CE,ITAPIPOCA,UNINTA - CENTRO UNIVERSITÁRIO INTA,1534087 - MEDICINA,1-2025,Fies,785.76,731.28,761.02
CE,JUAZEIRO DO NORTE,ESTÁCIO FJN - FACULDADE DE MEDICINA ESTÁCIO DE JUAZEIRO DO NORTE,37304 - MEDICINA,1-2025,Fies,790.36,736.12,789.68
CE,JUAZEIRO DO NORTE,UNILEÃO - CENTRO UNIVERSITÁRIO DOUTOR LEÃO SAMPAIO,1602993 - MEDICINA,1-2025,Fies,789.68,728.78,789.68
CE,QUIXADÁ,ESTÁCIO CEARÁ - CENTRO UNIVERSITÁRIO ESTÁCIO DO CEARÁ,1489934 - MEDICINA,1-2025,Fies,790.54,736.12,765.12
CE,SOBRAL,FJS - FACULDADE DE JULHO,1608949 - MEDICINA,1-2025,Fies,780.84,727.62,726.38
CE,SOBRAL,FLF - FACULDADE LUCIANO FEIJÃO,1631002 - MEDICINA,1-2025,Fies,780.84,727.62,726.38
CE,SOBRAL,UNINTA - CENTRO UNIVERSITÁRIO INTA,1173014 - MEDICINA,1-2025,Fies,780.84,727.62,726.38
CE,TIANGUÁ,FACULDADE UNINTA TIANGUÁ,1620733 - MEDICINA,1-2025,Fies,780.84,727.62,726.38
CE,TIANGUÁ,FVS - FACULDADE VIA SAPIENS,1631047 - MEDICINA,1-2025,Fies,780.84,727.62,726.38
DF,BRASÍLIA,UCB - UNIVERSIDADE CATÓLICA DE BRASÍLIA,48854 - MEDICINA,1-2025,Fies,786.06,751.34,762.60
DF,BRASÍLIA,UNICEPLAC - CENTRO UNIVERSITÁRIO DO PLANALTO CENTRAL APPARECIDO DOS SANTOS,51835 - MEDICINA,1-2025,Fies,786.06,751.34,762.60
DF,BRASÍLIA,UNIEURO - CENTRO UNIVERSITÁRIO EURO-AMERICANO,1419799 - MEDICINA,1-2025,Fies,786.06,751.34,762.60
ES,CACHOEIRO DE ITAPEMIRIM,FACULDADE BRASILEIRA DE CACHOEIRO,1458829 - MEDICINA,1-2025,Fies,786.66,747.16,763.96
ES,CARIACICA,MULTIVIX CARIACICA - FACULDADE MULTIVIX CARIACICA,1591444 - MEDICINA,1-2025,Fies,797.36,770.32,753.06
ES,SÃO MATEUS,MULTIVIX SÃO MATEUS - FACULDADE MULTIVIX SÃO MATEUS,1576328 - MEDICINA,1-2025,Fies,787.72,747.16,754.72
ES,VILA VELHA,UVV - UNIVERSIDADE VILA VELHA,98604 - MEDICINA,1-2025,Fies,797.36,770.32,753.06
ES,VITÓRIA,CENTRO UNIVERSITÁRIO SALESIANO MULTIVIX VITÓRIA,86356 - MEDICINA,1-2025,Fies,799.64,751.02,779.22
GO,ANÁPOLIS,UNIEVANGÉLICA - UNIVERSIDADE EVANGÉLICA DE GOIÁS,108884 - MEDICINA,1-2025,Fies,797.28,746.38,781.64
GO,APARECIDA DE GOIÂNIA,UNIPAM - CENTRO UNIVERSITÁRIO ALFREDO NASSER,5001294 - MEDICINA,1-2025,Fies,795.56,746.38,780.18
GO,INHUMAS,UNIMAIS - CENTRO UNIVERSITÁRIO MAIS,1602918 - MEDICINA,1-2025,Fies,795.56,746.38,780.18
GO,ITUMBIARA,FACULDADE ZARNS - ITUMBIARA,1465629 - MEDICINA,1-2025,Fies,781.66,727.20,762.60
GO,MINEIROS,UNIFIMES - CENTRO UNIVERSITÁRIO DE MINEIROS,1330031 - MEDICINA,1-2025,Fies,762.22,650.14,715.02
GO,TRINDADE,UNIFIMES - CENTRO UNIVERSITÁRIO DE MINEIROS,1421100 - MEDICINA,1-2025,Fies,780.42,691.08,701.38
MA,AÇAILÂNDIA,FAMEAC - FACULDADE DE MEDICINA DE AÇAILÂNDIA,1483765 - MEDICINA,1-2025,Fies,777.68,743.02,735.46
MA,CAXIAS,UNIFACEMA - CENTRO UNIVERSITÁRIO DE CIÊNCIAS E TECNOLOGIA DO MARANHÃO,1607897 - MEDICINA,1-2025,Fies,781.26,756.12,742.44
MA,IMPERATRIZ,UNICEUMA - UNIVERSIDADE CEUMA,1192188 - MEDICINA,1-2025,Fies,786.06,728.44,755.02
MA,SANTA INÊS,AFYA SANTA INÊS - AFYA FACULDADE DE CIÊNCIAS MÉDICAS DE SANTA INÊS,1487290 - MEDICINA,1-2025,Fies,777.68,743.02,735.46
MA,SÃO LUÍS,ESUFOP - FACULDADE DE CIÊNCIAS E SAÚDE EDUFOR,1595701 - MEDICINA,1-2025,Fies,784.74,743.02,738.72
MA,SÃO LUÍS,EDUFOR - FACULDADE DE TECNOLOGIA E ADMINISTRAÇÃO EDUFOR,1613802 - MEDICINA,1-2025,Fies,781.64,735.38,730.66
MA,SÃO LUÍS,FASL - FACULDADE ANHANGUERA DE SÃO LUÍS,1634254 - MEDICINA,1-2025,Fies,781.64,735.38,730.66
MA,SÃO LUÍS,IDES SÃO LUIZ - INSTITUTO DE DESENVOLVIMENTO E APRENDIZAGEM - IDEA SÃO LUIZ,1595704 - MEDICINA,1-2025,Fies,784.74,743.02,738.72
MA,SÃO LUÍS,IFES - INSTITUTO FLORENCE DE ENSINO SUPERIOR,1631117 - MEDICINA,1-2025,Fies,781.64,735.38,730.66
MA,SÃO LUÍS,UNDB - CENTRO UNIVERSITÁRIO UNIDADE DE ENSINO SUPERIOR DOM BOSCO,1538744 - MEDICINA,1-2025,Fies,781.64,735.38,730.66
MA,SÃO LUÍS,UNICEUMA - UNIVERSIDADE CEUMA,59174 - MEDICINA,1-2025,Fies,781.64,735.38,730.66
MA,SÃO LUÍS,UNINASSAU - CENTRO UNIVERSITÁRIO MAURÍCIO DE NASSAU DE SÃO LUÍS,1599471 - MEDICINA,1-2025,Fies,781.64,735.38,730.66
MG,ALFENAS,UNIFENAS - UNIVERSIDADE PROFESSOR EDSON ANTÔNIO VELANO,2304 - MEDICINA,1-2025,Fies,781.28,728.70,737.94
MG,ARAGUARI,CENTRO UNIVERSITÁRIO IMEPAC - ARAGUARI,84352 - MEDICINA,1-2025,Fies,768.88,735.08,763.64
MG,BELO HORIZONTE,FAMINAS-BH - FACULDADE DE MINAS BH,1629204 - MEDICINA,1-2025,Fies,783.08,728.76,745.22
MG,BELO HORIZONTE,UNI-BH - CENTRO UNIVERSITÁRIO DE BELO HORIZONTE,100688 - MEDICINA,1-2025,Fies,789.08,705.32,747.12
MG,BELO HORIZONTE,UNIFENAS - UNIVERSIDADE PROFESSOR EDSON ANTÔNIO VELANO,64938 - MEDICINA,1-2025,Fies,783.08,728.76,745.22
MG,CARATINGA,UNEC - CENTRO UNIVERSITÁRIO DE CARATINGA,50662 - MEDICINA,1-2025,Fies,781.20,717.72,756.56
MG,GOVERNADOR VALADARES,UNIVALE - UNIVERSIDADE VALE DO RIO DOCE,1102360 - MEDICINA,1-2025,Fies,782.98,733.94,740.28
MG,ITABIRA,UNIFUNCESI - CENTRO UNIVERSITÁRIO FUNCESI,1595946 - MEDICINA,1-2025,Fies,783.08,728.76,745.22
MG,ITAJUBÁ,FMIT - FACULDADE DE MEDICINA DE ITAJUBÁ,6711 - MEDICINA,1-2025,Fies,781.28,728.70,737.94
MG,ITUIUTABA,FACMAIS - FACULDADE MAIS DE ITUIUTABA,1631397 - MEDICINA,1-2025,Fies,789.46,764.36,760.40
MG,JUIZ DE FORA,FCMSJF - FACULDADE DE CIÊNCIAS MÉDICAS E DA SAÚDE DE JUIZ DE FORA,74594 - MEDICINA,1-2025,Fies,785.74,733.44,769.76
MG,LAVIPOL,UNIVERSO - CENTRO UNIVERSITÁRIO UNIVERSO,1188908 - MEDICINA,1-2025,Fies,781.04,704.84,746.72
MG,MONTES CLAROS,UNIFIP-MOC - CENTRO UNIVERSITÁRIO FIP-MOC,107666 - MEDICINA,1-2025,Fies,780.00,699.18,752.90
MG,MONTES CLAROS,UNINORTE MINAS - CENTRO UNIVERSITÁRIO DO NORTE DE MINAS,86288 - MEDICINA,1-2025,Fies,776.68,735.34,751.58
MG,MURIAÉ,UNIFAMINAS - CENTRO UNIVERSITÁRIO FAMINAS,1163738 - MEDICINA,1-2025,Fies,785.74,733.44,769.76
MG,PARACATU,UNIATENAS - CENTRO UNIVERSITÁRIO ATENAS,90059 - MEDICINA,1-2025,Fies,767.66,716.08,731.00
MG,PASSOS,FACULDADE ATENAS PASSOS,1408507 - MEDICINA,1-2025,Fies,776.68,720.62,729.80
MG,PATOS DE MINAS,UNIPAM - CENTRO UNIVERSITÁRIO DE PATOS DE MINAS,108014 - MEDICINA,1-2025,Fies,789.46,764.36,760.40
MG,PONTE NOVA,FADIP - FACULDADE DINÂMICA DO VALE DO PIRANGA,1189407 - MEDICINA,1-2025,Fies,781.28,704.84,732.98
MG,POUSO ALEGRE,UNIFESS - INSTITUTO NACIONAL DE ENSINO SUPERIOR E PÓS-GRADUAÇÃO PADRE GERVÁSIO,1564833 - MEDICINA,1-2025,Fies,781.28,728.70,737.94
MG,SETE LAGOAS,FACULDADE ATENAS SETE LAGOAS,1399617 - MEDICINA,1-2025,Fies,783.08,728.76,745.22
MG,TEÓFILO OTONI,FACULDADE PRESIDENTE ANTÔNIO CARLOS DE TEÓFILO OTONI,1599569 - MEDICINA,1-2025,Fies,783.10,689.58,726.38
MG,UBÁ,UNIFAGOC - CENTRO UNIVERSITÁRIO GOVERNADOR OZANAM COELHO,1190621 - MEDICINA,1-2025,Fies,785.74,733.44,769.76
MG,UBERABA,UNIUBE - UNIVERSIDADE DE UBERABA,20360 - MEDICINA,1-2025,Fies,789.46,764.36,760.40
MG,UBERLÂNDIA,PATRA - FACULDADE DO TRABALHO,1547511 - MEDICINA,1-2025,Fies,789.46,764.36,760.40
MG,VESPASIANO,FACSEH - FACULDADE DA SAÚDE E ECOLOGIA HUMANA,66361 - MEDICINA,1-2025,Fies,783.08,728.76,745.22
MS,CORUMBÁ,FACULDADE UNICESUMAR DE CORUMBÁ,1485621 - MEDICINA,1-2025,Fies,768.34,704.76,736.02
MS,PONTA PORÃ,FACULDADE DE MEDICINA UNIDERP DE PONTA PORÃ,1638420 - MEDICINA,1-2025,Fies,768.58,709.46,725.12
MT,CÁCERES,UNIPORTAL - CENTRO UNIVERSITÁRIO ESTÁCIO DO PANTANAL,1457707 - MEDICINA,1-2025,Fies,783.48,721.78,736.92
MT,SORRISO,FACULDADE ATENAS SORRISO,1536149 - MEDICINA,1-2025,Fies,766.96,691.90,719.22
PA,ABAETETUBA,AFYA ABAETETUBA - AFYA FACULDADE DE CIÊNCIAS MÉDICAS DE ABAETETUBA,1536131 - MEDICINA,1-2025,Fies,773.00,733.78,738.76
PA,BELÉM,UNIFAMAZ - CENTRO UNIVERSITÁRIO METROPOLITANO DA AMAZÔNIA,1171699 - MEDICINA,1-2025,Fies,777.68,733.78,759.10
PA,BELÉM,UNIFBRA - CENTRO UNIVERSITÁRIO FIBRA,1680336 - MEDICINA,1-2025,Fies,773.60,733.78,769.10
PA,BRAGANÇA,AFYA BRAGANÇA - AFYA FACULDADE DE CIÊNCIAS MÉDICAS DE BRAGANÇA,1536132 - MEDICINA,1-2025,Fies,773.00,733.78,738.76
PA,CASTANHAL,ESTÁCIO FAZ - FACULDADE DE MEDICINA ESTÁCIO CASTANHAL,1487536 - MEDICINA,1-2025,Fies,779.74,728.04,756.70
PA,MARABÁ,FACIMP - FACULDADE DE CIÊNCIAS MÉDICAS DO PARÁ,1050663 - MEDICINA,1-2025,Fies,766.38,745.76,755.02
PA,REDENÇÃO,FESAR - FACULDADE DE ENSINO SUPERIOR DA AMAZÔNIA REUNIDA,1421013 - MEDICINA,1-2025,Fies,766.38,717.30,740.90
PA,SANTARÉM,UNAMA - CENTRO UNIVERSITÁRIO DA AMAZÔNIA,1599241 - MEDICINA,1-2025,Fies,776.24,715.34,754.08
PA,TUCURUÍ,UNATUCURUI - FACULDADE UNA DE TUCURUÍ,1636425 - MEDICINA,1-2025,Fies,766.38,717.30,740.90
PB,CAMPINA GRANDE,UNIFACISA - CENTRO UNIVERSITÁRIO FACISA,90483 - MEDICINA,1-2025,Fies,786.62,764.12,776.66
PB,CAMPINA GRANDE,UNINASSAU CPV - CENTRO UNIVERSITÁRIO MAURÍCIO DE NASSAU DE CAMPINA GRANDE,1602998 - MEDICINA,1-2025,Fies,786.62,764.12,776.66
PB,JOÃO PESSOA,AFYA PARAÍBA - AFYA FACULDADE DE CIÊNCIAS MÉDICAS DA PARAÍBA,72667 - MEDICINA,1-2025,Fies,790.38,754.42,775.64
PB,JOÃO PESSOA,UNIPÊ - CENTRO UNIVERSITÁRIO DE JOÃO PESSOA,1190647 - MEDICINA,1-2025,Fies,790.38,754.42,775.64
PB,PATOS,UNIFIP - CENTRO UNIVERSITÁRIO DE PATOS,1191615 - MEDICINA,1-2025,Fies,786.18,740.08,777.44
PE,ARARIPINA,FAP - FACULDADE PARAÍSO ARARIPINA,1516731 - MEDICINA,1-2025,Fies,783.60,704.26,755.56
PE,CARUARU,ASCES-UNITA - CENTRO UNIVERSITÁRIO TABOSA DE ALMEIDA,1599773 - MEDICINA,1-2025,Fies,780.18,712.18,756.56
PE,CARUARU,UNINASSAU CARUARU - CENTRO UNIVERSITÁRIO MAURÍCIO DE NASSAU DE CARUARU,1607354 - MEDICINA,1-2025,Fies,784.90,741.80,760.36
PE,GARANHUNS,AFYA GARANHUNS - AFYA FACULDADE DE CIÊNCIAS MÉDICAS DE GARANHUNS,119956 - MEDICINA,1-2025,Fies,781.26,740.08,754.14
PE,GARANHUNS,FACIGA - FACULDADES INTEGRADAS DE GARANHUNS,1463032 - MEDICINA,1-2025,Fies,781.26,740.08,754.14
PE,GOIANA,FITS - FACULDADE TIRADENTES DE GOIANA,1483803 - MEDICINA,1-2025,Fies,789.64,763.08,774.36
PE,JABOATÃO DOS GUARARAPES,AFYA JABOATÃO - AFYA FACULDADE DE CIÊNCIAS MÉDICAS DE JABOATÃO DOS GUARARAPES,1408505 - MEDICINA,1-2025,Fies,784.16,773.66,760.62
PE,OLINDA,FMO - FACULDADE DE MEDICINA DE OLINDA,1168313 - MEDICINA,1-2025,Fies,788.82,757.32,760.86
PE,PETROLINA,FACAPE - FACULDADE DE PETROLINA,1601865 - MEDICINA,1-2025,Fies,785.50,768.42,777.44
PE,RECIFE,FPS - FACULDADE PERNAMBUCANA DE SAÚDE,87537 - MEDICINA,1-2025,Fies,784.14,773.66,760.62
PE,RECIFE,UNINASSAU - CENTRO UNIVERSITÁRIO MAURÍCIO DE NASSAU,1108786 - MEDICINA,1-2025,Fies,784.14,773.66,760.62
PE,SERRA TALHADA,FACISST - FACULDADE DE CIÊNCIAS DA SAÚDE DE SERRA TALHADA,1683125 - MEDICINA,1-2025,Fies,783.60,704.26,755.56
PE,VITÓRIA DE SANTO ANTÃO,UNIFCOL - CENTRO UNIVERSITÁRIO FIMCA,1620728 - MEDICINA,1-2025,Fies,786.20,712.18,792.46
PI,FLORIANO,UNIFAESF - CENTRO UNIVERSITÁRIO FAESF,1627314 - MEDICINA,1-2025,Fies,781.64,739.58,739.58
PI,TERESINA,FACULDADE CET - FACULDADE DE TECNOLOGIA DE TERESINA,1108367 - MEDICINA,1-2025,Fies,795.82,744.80,760.58
PI,TERESINA,UNINFOR WYDEN - CENTRO UNIVERSITÁRIO FACID WYDEN,79007 - MEDICINA,1-2025,Fies,797.76,760.46,763.02
PI,TERESINA,UNIFSA - CENTRO UNIVERSITÁRIO SANTO AGOSTINHO,1621019 - MEDICINA,1-2025,Fies,791.74,750.24,763.02
PI,TERESINA,UNINASSAU SUL - CENTRO UNIVERSITÁRIO MAURÍCIO DE NASSAU TERESINA SUL,5001706 - MEDICINA,1-2025,Fies,791.74,750.24,763.02
PI,TERESINA,UNINOVAFAPI - CENTRO UNIVERSITÁRIO UNINOVAFAPI,72669 - MEDICINA,1-2025,Fies,797.76,760.46,763.02
PR,CAMPO MOURÃO,INTEGRADO - CENTRO UNIVERSITÁRIO INTEGRADO DE CAMPO MOURÃO,1399480 - MEDICINA,1-2025,Fies,772.74,721.04,731.08
PR,CASCAVEL,FAG - CENTRO UNIVERSITÁRIO ASSIS GURGACZ,108882 - MEDICINA,1-2025,Fies,770.06,724.34,730.02
PR,CURITIBA,UP - UNIVERSIDADE POSITIVO,59414 - MEDICINA,1-2025,Fies,782.86,773.88,750.50
PR,GUARAPUAVA,CENTRO UNIVERSITÁRIO CAMPO REAL,1399686 - MEDICINA,1-2025,Fies,775.28,728.66,759.92
PR,MARINGÁ,UNICESUMAR - UNIVERSIDADE CESUMAR,5000930 - MEDICINA,1-2025,Fies,779.02,732.30,731.08
PR,PATO BRANCO,UNIDEP - CENTRO UNIVERSITÁRIO DE PATO BRANCO,1390309 - MEDICINA,1-2025,Fies,776.18,705.50,708.64
PR,PINHAIS,FAPI - CENTRO UNIVERSITÁRIO DE PINHAIS,1592652 - MEDICINA,1-2025,Fies,782.86,773.88,750.50
PR,UMUARAMA,UNIPAR - UNIVERSIDADE PARANAENSE,1399481 - MEDICINA,1-2025,Fies,783.86,715.80,727.52
RJ,ANGRA DOS REIS,UNESA - UNIVERSIDADE ESTÁCIO DE SÁ,1399682 - MEDICINA,1-2025,Fies,777.68,702.12,720.88
RJ,BOM JESUS DO ITABAPOANA,FAMESC-BJI - FACULDADE METROPOLITANA SÃO CARLOS BJI,1166567 - MEDICINA,1-2025,Fies,779.72,707.94,739.92
RJ,CAMPOS DOS GOYTACAZES,FMC - FACULDADE DE MEDICINA DE CAMPOS,18289 - MEDICINA,1-2025,Fies,784.18,725.52,762.52
RJ,DUQUE DE CAXIAS,UNIGRANRIO - UNIVERSIDADE DO GRANDE RIO PROFESSOR JOSÉ DE SOUZA HERDY,18605 - MEDICINA,1-2025,Fies,776.28,701.48,720.16
RJ,ITAPERUNA,FACREDENTOR - CENTRO UNIVERSITÁRIO REDENTOR,1186432 - MEDICINA,1-2025,Fies,768.26,702.12,726.26
RJ,ITAPERUNA,UNIG - UNIVERSIDADE IGUAÇU,19294 - MEDICINA,1-2025,Fies,768.26,702.12,726.26
RJ,NOVA IGUAÇU,UNIG - UNIVERSIDADE IGUAÇU,7414 - MEDICINA,1-2025,Fies,776.28,701.48,720.16
RJ,PETRÓPOLIS,FMP - FACULDADE DE MEDICINA DE PETRÓPOLIS,9772 - MEDICINA,1-2025,Fies,776.28,701.48,720.16
RJ,RIO DE JANEIRO,UCB - UNIVERSIDADE CASTELO BRANCO,1575313 - MEDICINA,1-2025,Fies,776.28,701.48,720.16
RJ,RIO DE JANEIRO,UNESA - UNIVERSIDADE ESTÁCIO DE SÁ,18594 - MEDICINA,1-2025,Fies,776.28,701.48,720.16
RJ,RIO DE JANEIRO,UNESA - UNIVERSIDADE ESTÁCIO DE SÁ,5001183 - MEDICINA,1-2025,Fies,776.28,701.48,720.16
RJ,RIO DE JANEIRO,UNIGRANRIO - UNIVERSIDADE DO GRANDE RIO PROFESSOR JOSÉ DE SOUZA HERDY,75821 - MEDICINA,1-2025,Fies,776.28,701.48,720.16
RJ,RIO DE JANEIRO,UVA - UNIVERSIDADE VEIGA DE ALMEIDA,1595825 - MEDICINA,1-2025,Fies,791.32,769.36,784.46
RJ,TRÊS RIOS,FCSATE - FACULDADE DE CIÊNCIAS MÉDICAS DE TRÊS RIOS,1408504 - MEDICINA,1-2025,Fies,793.04,751.68,795.08
RJ,VALENÇA,UNIFAA - CENTRO UNIVERSITÁRIO DE VALENÇA,9996 - MEDICINA,1-2025,Fies,777.68,702.12,720.88
RJ,VASSOURAS,UNIVASSOURAS - UNIVERSIDADE DE VASSOURAS,4503 - MEDICINA,1-2025,Fies,776.28,701.48,720.16
RJ,VOLTA REDONDA,UNIFOA - CENTRO UNIVERSITÁRIO DE VOLTA REDONDA,9988 - MEDICINA,1-2025,Fies,782.76,713.92,775.62
RN,NATAL,UNP - UNIVERSIDADE POTIGUAR,91219 - MEDICINA,1-2025,Fies,785.80,734.42,768.24
RO,CACOAL,UNINASSAU - CENTRO UNIVERSITÁRIO MAURÍCIO DE NASSAU DE CACOAL,98602 - MEDICINA,1-2025,Fies,756.24,702.70,719.14
RO,JARU,FARO CENTRO - FACULDADE DE ENSINO DE JARU,1575947 - MEDICINA,1-2025,Fies,756.24,702.70,719.14
RO,JI-PARANÁ,FAMEJIPA - FACULDADE DE MEDICINA DE JI-PARANÁ,1494888 - MEDICINA,1-2025,Fies,758.88,715.34,732.92
RO,JI-PARANÁ,SÃO LUCAS JIPARANÁ - CENTRO UNIVERSITÁRIO SÃO LUCAS JI-PARANÁ,1518897 - MEDICINA,1-2025,Fies,767.08,600.28,732.92
RO,PORTO VELHO,FIMCA - CENTRO UNIVERSITÁRIO APARÍCIO CARVALHO,72675 - MEDICINA,1-2025,Fies,758.28,722.40,722.60
RO,PORTO VELHO,SÃO LUCAS PVH - CENTRO UNIVERSITÁRIO SÃO LUCAS PORTO VELHO,85652 - MEDICINA,1-2025,Fies,752.16,705.42,710.40
RO,PORTO VELHO,UNESC - FACULDADE METROPOLITANA,1184060 - MEDICINA,1-2025,Fies,752.16,705.42,710.40
RO,VILHENA,FACULDADE UNINASSAU VILHENA,1427420 - MEDICINA,1-2025,Fies,756.24,702.70,719.14
RR,BOA VISTA,FACES - FACULDADE CATHEDRAL,1618713 - MEDICINA,1-2025,Fies,761.26,733.82,723.74
RS,CACHOEIRINHA,CENTRO UNIVERSITÁRIO CESUCA,1613688 - MEDICINA,1-2025,Fies,778.86,743.82,749.58
RS,CAXIAS DO SUL,FSG - CENTRO UNIVERSITÁRIO DA SERRA GAÚCHA,1611942 - MEDICINA,1-2025,Fies,796.54,777.00,777.08
RS,LAJEADO,UNIVATES - UNIVERSIDADE DO VALE DO TAQUARI,1179501 - MEDICINA,1-2025,Fies,783.82,777.00,749.58
RS,SANTA CRUZ DO SUL,UNISC - UNIVERSIDADE DE SANTA CRUZ DO SUL,91399 - MEDICINA,1-2025,Fies,783.82,777.00,749.58
SC,CAÇADOR,UNIARP - UNIVERSIDADE ALTO VALE DO RIO DO PEIXE,1427370 - MEDICINA,1-2025,Fies,771.42,694.56,739.78
SC,CHAPECÓ,UNOCHAPECÓ - UNIVERSIDADE COMUNITÁRIA DA REGIÃO DE CHAPECÓ,90867 - MEDICINA,1-2025,Fies,790.24,763.26,720.86
SC,JARAGUÁ DO SUL,ESTÁCIO JARAGUÁ - FACULDADE ESTÁCIO DE JARAGUÁ DO SUL,1408508 - MEDICINA,1-2025,Fies,778.82,718.30,741.96
SC,PALHOÇA,UNISUL - UNIVERSIDADE DO SUL DE SANTA CATARINA,97679 - MEDICINA,1-2025,Fies,796.76,773.30,722.66
SC,TUBARÃO,UNISUL - UNIVERSIDADE DO SUL DE SANTA CATARINA,20269 - MEDICINA,1-2025,Fies,777.00,736.40,714.54
SE,ARACAJU,UNIT - UNIVERSIDADE TIRADENTES,5000001 - MEDICINA,1-2025,Fies,792.14,755.50,776.36
SE,ESTÂNCIA,UNIT - UNIVERSIDADE TIRADENTES,1483768 - MEDICINA,1-2025,Fies,787.12,777.58,770.26
SP,ADAMANTINA,FAI - CENTRO UNIVERSITÁRIO DE ADAMANTINA,1322329 - MEDICINA,1-2025,Fies,773.84,727.24,717.52
SP,ARAÇATUBA,UNISALESIANO - CENTRO UNIVERSITÁRIO CATÓLICO SALESIANO AUXILIUM,1399686 - MEDICINA,1-2025,Fies,783.68,724.28,732.34
SP,ASSIS,IMESA - INSTITUTO MUNICIPAL DE ENSINO SUPERIOR DE ASSIS,1338858 - MEDICINA,1-2025,Fies,787.76,749.88,760.82
SP,AVARÉ,UNIFSP - CENTRO UNIVERSITÁRIO SUDOESTE PAULISTA,1597823 - MEDICINA,1-2025,Fies,765.40,694.82,719.52
SP,BARRETOS,FACISB - FACULDADE DE CIÊNCIAS DA SAÚDE DE BARRETOS DR. PAULO PRATA,1109361 - MEDICINA,1-2025,Fies,787.98,737.78,758.66
SP,BAURU,UNINOVE - UNIVERSIDADE NOVE DE JULHO,1399478 - MEDICINA,1-2025,Fies,769.12,724.28,720.10
SP,CAMPINAS,UNIP - UNIVERSIDADE PAULISTA,5001614 - MEDICINA,1-2025,Fies,776.56,701.68,745.36
SP,CAMPO LIMPO PAULISTA,UNIFACCAMP - CENTRO UNIVERSITÁRIO CAMPO LIMPO PAULISTA,1592633 - MEDICINA,1-2025,Fies,776.96,704.56,762.54
SP,CUBATÃO,USJT - UNIVERSIDADE SÃO JUDAS TADEU,1455021 - MEDICINA,1-2025,Fies,758.78,707.90,716.20
SP,DRACENA,FACULDADES DE DRACENA,1487491 - MEDICINA,1-2025,Fies,766.64,722.06,736.62
SP,FERNANDÓPOLIS,UB - UNIVERSIDADE BRASIL,65114 - MEDICINA,1-2025,Fies,760.90,737.34,727.88
SP,FRANCA,UNIFRAN - UNIVERSIDADE DE FRANCA,5000933 - MEDICINA,1-2025,Fies,767.98,737.78,758.64
SP,GUARUJÁ,UNIAERP - UNIVERSIDADE DE RIBEIRÃO PRETO,1427419 - MEDICINA,1-2025,Fies,758.78,707.90,716.20
SP,GUARUJÁ,UNOESTE - UNIVERSIDADE DO OESTE PAULISTA,1408261 - MEDICINA,1-2025,Fies,758.78,707.90,716.20
SP,GUARULHOS,ENIAC - CENTRO UNIVERSITÁRIO DE EXCEL - ENIAC,5001708 - MEDICINA,1-2025,Fies,758.78,707.90,716.20
SP,GUARULHOS,UNINOVE - UNIVERSIDADE NOVE DE JULHO,1397772 - MEDICINA,1-2025,Fies,758.78,707.90,716.20
SP,GUARULHOS,UNISA - UNIVERSIDADE SANTO AMARO,1599623 - MEDICINA,1-2025,Fies,758.78,707.90,716.20
SP,HORTOLÂNDIA,UNASP - CENTRO UNIVERSITÁRIO ADVENTISTA DE SÃO PAULO,1612720 - MEDICINA,1-2025,Fies,783.24,770.32,767.20
SP,ITU,CEUNSP - CENTRO UNIVERSITÁRIO NOSSA SENHORA DO PATROCÍNIO,1615613 - MEDICINA,1-2025,Fies,788.98,764.76,767.58
SP,JAÚ,UNOESTE - UNIVERSIDADE DO OESTE PAULISTA,1408262 - MEDICINA,1-2025,Fies,769.12,724.28,720.10
SP,LORENA,CENTRO DE ENSINO SUPERIOR DE LORENA,1611325 - MEDICINA,1-2025,Fies,769.08,728.70,735.20
SP,MAUÁ,UNINOVE - UNIVERSIDADE NOVE DE JULHO,1399479 - MEDICINA,1-2025,Fies,758.78,707.90,716.20
SP,MOGI DAS CRUZES,UMC - UNIVERSIDADE DE MOGI DAS CRUZES,10591 - MEDICINA,1-2025,Fies,758.78,707.90,716.20
SP,OSASCO,UNINOVE - UNIVERSIDADE NOVE DE JULHO,1397771 - MEDICINA,1-2025,Fies,758.78,707.90,716.20
SP,PENÁPOLIS,FAFIPE - FACULDADE DE FILOSOFIA CIÊNCIAS E LETRAS DE PENÁPOLIS,1453546 - MEDICINA,1-2025,Fies,783.68,724.28,732.34
SP,PINDAMONHANGABA,UNIFUNVIC - CENTRO UNIVERSITÁRIO FUNVIC,1631927 - MEDICINA,1-2025,Fies,768.58,699.18,762.18
SP,PIRACICABA,UAM - UNIVERSIDADE ANHEMBI MORUMBI,1399477 - MEDICINA,1-2025,Fies,761.02,704.66,706.68
SP,PRESIDENTE PRUDENTE,UNOESTE - UNIVERSIDADE DO OESTE PAULISTA,6496 - MEDICINA,1-2025,Fies,780.68,766.04,742.82
SP,RIBEIRÃO PRETO,CEUSL - CENTRO UNIVERSITÁRIO BARÃO DE MAUÁ,19580 - MEDICINA,1-2025,Fies,787.98,737.78,758.64
SP,RIBEIRÃO PRETO,ESTÁCIO RIBEIRÃO PRE - CENTRO UNIVERSITÁRIO ESTÁCIO DE RIBEIRÃO PRETO,1185903 - MEDICINA,1-2025,Fies,787.98,737.78,758.64
SP,RIO CLARO,CLARETIANO - CENTRO UNIVERSITÁRIO,1399483 - MEDICINA,1-2025,Fies,775.36,753.80,769.86
SP,SANTA FÉ DO SUL,UNIFUNEC - CENTRO UNIVERSITÁRIO DE SANTA FÉ DO SUL,1483773 - MEDICINA,1-2025,Fies,785.62,727.24,756.26
SP,SANTANA DE PARNAÍBA,UNIP - UNIVERSIDADE PAULISTA,5001418 - MEDICINA,1-2025,Fies,780.52,707.68,739.60
SP,SÃO BERNARDO DO CAMPO,UNINOVE - UNIVERSIDADE NOVE DE JULHO,1398317 - MEDICINA,1-2025,Fies,758.78,707.90,716.20
SP,SÃO JOSÉ DO RIO PARDO,UNIP - UNIVERSIDADE PAULISTA,5001417 - MEDICINA,1-2025,Fies,776.96,701.68,745.36
SP,SÃO JOSÉ DO RIO PRETO,UNILAG - UNIÃO DAS FACULDADES DOS GRANDES LAGOS,5000980 - MEDICINA,1-2025,Fies,770.30,684.90,733.84
SP,SÃO JOSÉ DOS CAMPOS,FACULDADE DE CIÊNCIAS MÉDICAS DE SÃO JOSÉ DOS CAMPOS,1363536 - MEDICINA,1-2025,Fies,769.08,728.70,735.20
SP,SÃO JOSÉ DOS CAMPOS,UAM - UNIVERSIDADE ANHEMBI MORUMBI,1408259 - MEDICINA,1-2025,Fies,769.08,728.70,735.20
SP,SÃO PAULO,UAM - UNIVERSIDADE ANHEMBI MORUMBI,100956 - MEDICINA,1-2025,Fies,758.78,707.90,716.20
SP,SÃO PAULO,UNICID - UNIVERSIDADE CIDADE DE SÃO PAULO,57402 - MEDICINA,1-2025,Fies,775.72,759.52,737.98
SP,SÃO PAULO,UNINOVE - UNIVERSIDADE NOVE DE JULHO,82226 - MEDICINA,1-2025,Fies,758.78,707.90,716.20
SP,SÃO PAULO,UNISA - UNIVERSIDADE SANTO AMARO,76455 - MEDICINA,1-2025,Fies,775.72,759.52,737.98
SP,SOROCABA,RACSCP - PONTIFÍCIA UNIVERSIDADE CATÓLICA DE SÃO PAULO,11233 - MEDICINA,1-2025,Fies,788.98,764.76,767.58
SP,SOROCABA,UNIP - UNIVERSIDADE PAULISTA,5001619 - MEDICINA,1-2025,Fies,780.66,699.18,745.36
TO,ARAGUAÍNA,ITPAC ARAGUAÍNA - CENTRO UNIVERSITÁRIO TOCANTINENSE PRESIDENTE ANTÔNIO CARLOS,99476 - MEDICINA,1-2025,Fies,773.82,728.44,763.90
TO,PORTO NACIONAL,FAPAC - FACULDADE PRESIDENTE ANTÔNIO CARLOS,72767 - MEDICINA,1-2025,Fies,769.54,728.44,753.32